amino_acid,codon,frequency
Ala,GCT,0.18
Ala,GCC,0.28
Ala,GCA,0.23
Ala,GCG,0.31
Arg,CGT,0.36
Arg,CGC,0.37
Arg,CGA,0.06
Arg,CGG,0.10
Arg,AGA,0.04
Arg,AGG,0.02
Asn,AAT,0.45
Asn,AAC,0.55
Asp,GAT,0.63
Asp,GAC,0.37
Cys,TGT,0.45
Cys,TGC,0.55
Gln,CAA,0.34
Gln,CAG,0.66
Glu,GAA,0.68
Glu,GAG,0.32
Gly,GGT,0.35
Gly,GGC,0.37
Gly,GGA,0.11
Gly,GGG,0.17
His,CAT,0.57
His,CAC,0.43
Ile,ATT,0.49
Ile,ATC,0.42
Ile,ATA,0.09
Leu,TTA,0.13
Leu,TTG,0.13
Leu,CTT,0.12
Leu,CTC,0.10
Leu,CTA,0.04
Leu,CTG,0.48
Lys,AAA,0.74
Lys,AAG,0.26
Met,ATG,1.00
Phe,TTT,0.58
Phe,TTC,0.42
Pro,CCT,0.18
Pro,CCC,0.13
Pro,CCA,0.20
Pro,CCG,0.49
Ser,TCT,0.17
Ser,TCC,0.15
Ser,TCA,0.14
Ser,TCG,0.14
Ser,AGT,0.16
Ser,AGC,0.24
Thr,ACT,0.19
Thr,ACC,0.40
Thr,ACA,0.17
Thr,ACG,0.24
Trp,TGG,1.00
Tyr,TAT,0.59
Tyr,TAC,0.41
Val,GTT,0.28
Val,GTC,0.20
Val,GTA,0.17
Val,GTG,0.35
Stop,TAA,0.61
Stop,TAG,0.09
Stop,TGA,0.30